[
  {
    "id": "0e092cf4-66d4-4edb-a333-72d3cd0a90f5",
    "data": [
      {
        "text": "Oi",
        "meta": "@sys.location",
        "alias": "location",
        "userDefined": false
      },
      {
        "text": ", ",
        "userDefined": false
      },
      {
        "text": "me",
        "meta": "@sys.music-genre",
        "alias": "music-genre",
        "userDefined": false
      },
      {
        "text": " fala ",
        "userDefined": false
      },
      {
        "text": "para",
        "meta": "@sys.location",
        "alias": "location",
        "userDefined": false
      },
      {
        "text": " onde você quer que eu faça ",
        "userDefined": false
      },
      {
        "text": "uma",
        "meta": "@sys.number",
        "alias": "number",
        "userDefined": false
      },
      {
        "text": " previsão",
        "userDefined": false
      }
    ],
    "isTemplate": false,
    "count": 0,
    "lang": "pt-br",
    "updated": 0
  },
  {
    "id": "a432af29-c362-4bbd-991b-cae1e713d583",
    "data": [
      {
        "text": "Oi",
        "meta": "@sys.location",
        "alias": "location",
        "userDefined": false
      },
      {
        "text": ", quer saber se vai chover ",
        "userDefined": false
      },
      {
        "text": "amanhã",
        "meta": "@sys.date-time",
        "alias": "date-time",
        "userDefined": false
      },
      {
        "text": "?",
        "userDefined": false
      }
    ],
    "isTemplate": false,
    "count": 0,
    "lang": "pt-br",
    "updated": 0
  },
  {
    "id": "1c4eafe4-6695-4b48-8652-47163e1cb138",
    "data": [
      {
        "text": "Olá",
        "meta": "@sys.person",
        "alias": "person",
        "userDefined": false
      },
      {
        "text": ", ",
        "userDefined": false
      },
      {
        "text": "como",
        "meta": "@sys.location",
        "alias": "location",
        "userDefined": false
      },
      {
        "text": " posso  ajudar?",
        "userDefined": false
      }
    ],
    "isTemplate": false,
    "count": 0,
    "lang": "pt-br",
    "updated": 0
  }
]